"domain_key","candidate_status","candidate_disposition","candidate_retention_days","candidate_trigger","candidate_record_series","candidate_accountable_owner","candidate_dependency","calendar_semantics_review_required","official_copy_role","privacy_classification","reviewer_decision","approved_disposition","approved_retention_days","approved_trigger","approved_authority_reference","conditions_and_exceptions","reviewer_unit_role","decision_date","review_due_at"
"assignmentDocumentFeedback","candidate_ready","delete","365","Later of academic-term end, final grade/feedback dispute resolution, or legal-hold release","ASU 6.6/375","Records/Registrar","Confirm that EdNotebook is a convenience copy rather than the official grade-appeal record.","true","","","","","","","","","","",""
"assignmentDrafts","candidate_ready","delete","365","Later of academic-term end, student export window, or legal-hold release","ASU 6.6/375","Records/Registrar","Confirm course-work classification and the student export notice.","true","","","","","","","","","","",""
"assignmentFormSubmissions","candidate_ready","delete","365","Later of academic-term end, final dispute resolution, research-protocol completion, or legal-hold release","ASU 6.6/375","Records/Registrar","Confirm EdNotebook record-copy status and research-routing behavior.","true","","","","","","","","","","",""
"auditEvents","blocked_pending_review","block","","No automatic trigger until event classes are segregated","Mixed FERPA access / ASU 1.2/010 / security audit","Privacy/Records + Security","Split audit events by record class or approve a longest-applicable retention rule.","false","","","","","","","","","","",""
"authIdentities","blocked_pending_review","block","","No automatic trigger until student-status-specific account rules are represented","ASU student technology account schedule","Institution Technology + Records","Implement status-aware triggers and confirm whether identity metadata is an official access record.","false","","","","","","","","","","",""
"authProviderLogs","blocked_pending_review","block","","Provider log expiry plus verified export/hold handling","Provider-specific logs","Security + Institution Technology","Document current Supabase plan TTL, database-log setting, export procedure, and hold exception.","false","","","","","","","","","","",""
"authSessions","candidate_ready","delete","30","Session expiry or revocation, whichever occurs first","Transitory security session","Security","Verify Supabase Auth session cleanup and token revocation behavior.","false","","","","","","","","","","",""
"billingCustomers","candidate_ready","retain","1095","Close of the fiscal year containing the final financial activity","ASU 4.1-4.4 FE+3","Finance/Tax + Privacy","Finance must confirm the fiscal-year trigger and whether a longer tax or dispute period applies.","true","","","","","","","","","","",""
"billingSubscriptions","candidate_ready","retain","1095","Close of the fiscal year containing cancellation or final subscription activity","ASU 4.1-4.4 FE+3","Finance/Tax + Privacy","Finance must confirm fiscal-year calculation and transaction-record linkage.","true","","","","","","","","","","",""
"blackboardGradeExportSnapshots","candidate_ready","retain","1460","End of the semester represented by the export, after all grade disputes resolve","ASU 6.6/347 grade books","Registrar + LMS Owner","Confirm snapshot is not the permanent original grade sheet and complete the Blackboard round-trip gate.","true","","","","","","","","","","",""
"blackboardIdentityMappings","candidate_ready","delete","730","Mapping superseded, integration access terminated, or account closed","ASU 5.4/012 security access","LMS Owner + Security","Confirm Blackboard institutional mapping and incident hold process.","true","","","","","","","","","","",""
"blackboardProviderCopies","blocked_pending_review","block","","Institution-controlled Blackboard archive and deletion event","Provider/institution copy","LMS Owner + Records","Complete Blackboard round-trip and obtain the institution's Blackboard archive/deletion policy.","false","","","","","","","","","","",""
"courseCommunicationPreferences","candidate_ready","delete","730","Preference superseded or course/account relationship terminated","ASU 5.4/012 security access","Privacy + Institution Technology","Confirm whether preference-change history is required for consent evidence.","true","","","","","","","","","","",""
"courseCommunicationReads","candidate_ready","delete","365","End of academic term or message disposition, whichever is later","ASU 6.6/375 / transitory metadata","Records/Registrar + Privacy","Confirm read-state is not used as an official attendance or academic-action record.","true","","","","","","","","","","",""
"courseLessonProgress","candidate_ready","retain","1825","Graduation or date of last attendance","ASU 6.6/311 academic progress","Registrar + Records","Confirm that lesson progress maps to academic progress rather than transient analytics.","true","","","","","","","","","","",""
"courseMemberships","candidate_ready","retain","1825","End of the academic year in which membership is posted to the academic record","ASU 6.3/66 class rolls","Registrar + LMS Owner","Confirm the end-of-academic-year trigger used by ASU.","true","","","","","","","","","","",""
"courseProgress","candidate_ready","retain","1825","Graduation or date of last attendance","ASU 6.6/311 academic progress","Registrar + Records","Confirm course progress is an academic-progress record and not the permanent transcript.","true","","","","","","","","","","",""
"educatorVerificationRequests","candidate_ready","retain","730","Final approval, denial, withdrawal, or expiration","ASU 5.4/012 security access","Institution Technology + Security","Confirm verification evidence minimization and complaint escalation path.","true","","","","","","","","","","",""
"fileDeletionRequests","candidate_ready","retain","3650","Final disposition or transfer of the requested record","ASU 1.2/010 disposition logs","Records Officer","Confirm this domain is the EdNotebook disposition log and includes required ASU fields.","true","","","","","","","","","","",""
"filePreviews","candidate_ready","delete","7","Source deletion, preview expiry, or source replacement","Transitory derivative","Security + Storage Owner","Verify preview workers and cache invalidation complete within the seven-day outer bound.","false","","","","","","","","","","",""
"gradeShareLinks","candidate_ready","delete","730","Share revoked, expired, or underlying grade record access terminated","ASU 5.4/012 security access","Registrar + Security","Confirm FERPA disclosure logging is captured separately for the life of the underlying record.","true","","","","","","","","","","",""
"identityOnboardingRequests","candidate_ready","retain","730","Final approval, denial, withdrawal, or expiration","ASU 5.4/012 security access","Institution Technology + Security","Confirm linkage to account-status-specific deletion rules.","true","","","","","","","","","","",""
"institutionAccessApplications","candidate_ready","retain","730","Final approval, denial, withdrawal, or expiration","ASU 5.4/012 security access","Institution Technology + Security","Confirm evidence redaction after verification.","true","","","","","","","","","","",""
"institutionAffiliations","candidate_ready","retain","1825","Graduation or date of last attendance, or affiliation termination for non-students","ASU 6.6 departmental student files","Registrar + Records","Confirm role-specific trigger and exclude employee-only records from the student matrix.","true","","","","","","","","","","",""
"institutionMemberships","candidate_ready","retain","1825","Graduation or date of last attendance, or membership termination for non-students","ASU 6.6 departmental student files","Registrar + Institution Technology","Confirm student versus employee/member record classification.","true","","","","","","","","","","",""
"institutionTransferRequests","candidate_ready","retain","1825","Final transfer disposition or graduation/date of last attendance, whichever is later","ASU 6.6/315 add-drop and status records","Registrar + Records","Confirm mapping to add/drop or change-of-status series.","true","","","","","","","","","","",""
"learningMessages","blocked_pending_review","block","","No automatic trigger until message record classes are separated","Mixed course work / correspondence / grievance","Privacy/Records + Registrar","Classify messages at creation and provide escalation to grievance, appeal, accommodation, research, and legal-hold series.","false","","","","","","","","","","",""
"learningResources","blocked_pending_review","block","","No automatic trigger until ownership and record-copy status are captured","Mixed course records / student work / publications","Records + Library/Publishing","Add resource type, owner, license, official-copy flag, and archival review metadata.","false","","","","","","","","","","",""
"learningSystemIdentifiers","candidate_ready","delete","730","Identifier superseded or integration/account access terminated","ASU 5.4/012 security access","Institution Technology + Security","Confirm every upstream/downstream system participates in deprovisioning.","true","","","","","","","","","","",""
"legalHoldFiles","blocked_pending_review","block","","Written legal-hold release and subsequent records-authorized disposition","ASU schedule litigation caution / 1.1/048","Legal Counsel + Records","Require written release, underlying-domain linkage, and disposition authorization.","false","","","","","","","","","","",""
"linkPreviews","candidate_ready","delete","7","Source link removal, preview expiry, or last governed reference","Transitory derivative","Privacy + Security","Verify crawler/cache deletion and prohibit sensitive-source snapshots.","false","","","","","","","","","","",""
"ltiContextMemberships","candidate_ready","retain","1825","End of the academic year in which membership is posted to the academic record","ASU 6.3/66 class rolls","Registrar + LMS Owner","Confirm context-to-course mapping and institutional record-copy designation.","true","","","","","","","","","","",""
"ltiGradeSyncEvents","candidate_ready","retain","1460","End of semester after successful reconciliation and resolution of grade disputes","ASU 6.6/347 grade books","Registrar + LMS Owner","Confirm whether any event is the original grade sheet, which would require permanent retention.","true","","","","","","","","","","",""
"ltiLaunchSessions","candidate_ready","delete","30","Launch session expiry, revocation, or nonce replay window closure","Transitory security session","Security + LMS Owner","Verify launch-state cleanup, nonce TTL, and log sanitization.","false","","","","","","","","","","",""
"ltiProviderCopies","blocked_pending_review","block","","Platform-owned deletion/archive event with verified result","Provider/institution copy","LMS Owner + Privacy/Records","Inventory each LTI tool, DPA, retention rule, export path, and deletion confirmation.","false","","","","","","","","","","",""
"ltiUserMappings","candidate_ready","delete","730","Mapping superseded or LTI/account access terminated","ASU 5.4/012 security access","LMS Owner + Security","Confirm upstream and downstream mapping deletion procedures.","true","","","","","","","","","","",""
"processingJobs","candidate_ready","delete","30","Terminal job completion, cancellation, or permanent failure","Transitory operational record","Institution Technology + Security","Verify dead-letter, retry, and worker logs obey the same boundary.","false","","","","","","","","","","",""
"profile","blocked_pending_review","block","","No automatic trigger until student-status-specific and record-copy rules exist","ASU account schedule / student record series","Registrar + Institution Technology + Privacy","Design status-aware deprovisioning and field-level anonymization; validate every foreign-key effect.","false","","","","","","","","","","",""
"providerBackups","candidate_ready","retain","7","Provider backup creation; expiry is rolling","Supabase Pro daily backups","Institution Technology + Records","Verify project plan/configuration quarterly and document that Storage backups are separate.","false","","","","","","","","","","",""
"publicationEntitlements","candidate_ready","retain","1095","Close of the fiscal year containing entitlement expiry, refund, or final transaction","ASU financial records FE+3","Finance/Tax + Library/Publishing","Confirm fiscal-year trigger and separation of free academic versus commercial entitlements.","true","","","","","","","","","","",""
"readingAnnotations","candidate_ready","delete","365","Later of academic-term end, user export window, dispute resolution, or legal-hold release","ASU 6.6/375 student course work","Records/Registrar + Privacy","Confirm annotation export notice and whether professor-visible annotations become assessed coursework.","true","","","","","","","","","","",""
"secureFiles","blocked_pending_review","block","","No automatic trigger until every file has a governed record class","Content-defined","Records + Security + Storage Owner","Add mandatory record-class metadata and deny unclassified production uploads.","false","","","","","","","","","","",""
"storageDeliveryCaches","candidate_ready","delete","1","Origin object deletion or replacement","Supabase Smart CDN derivative","Security + Storage Owner","Verify private-object cache headers, signed-URL behavior, and deletion evidence.","false","","","","","","","","","","",""
"storageObjectVersions","blocked_pending_review","block","","No automatic trigger until version inherits the source record class","Content-defined storage version","Storage Owner + Records","Bind every version to source record class, trigger, legal hold, and verified byte deletion.","false","","","","","","","","","","",""
"stripeWebhookPayloads","candidate_ready","delete","30","Successful signature verification, idempotent processing, and reconciliation","Stripe event operational copy","Finance/Payments + Security","Confirm no tax, dispute, or accounting evidence exists only inside the webhook payload.","false","","","","","","","","","","",""
"studentDataSubjectRequestItems","candidate_ready","retain","3650","Final disposition of the parent subject request","ASU 1.2/010 disposition logs","Privacy/Records","Confirm the item log contains required ASU disposition fields and links contested-record statements for the life of the record.","true","","","","","","","","","","",""
"studentDataSubjectRequests","candidate_ready","retain","3650","Final disposition of the request","ASU 1.2/010 disposition logs","Privacy/Records","Confirm workflow timing, identity verification, and disposition-log fields.","true","","","","","","","","","","",""
"studentEducationPath","candidate_ready","retain","1825","Graduation or date of last attendance","ASU 6.6/311 academic progress","Registrar + Records","Confirm which fields are advising records versus permanent academic records.","true","","","","","","","","","","",""
"studentEnrollmentRequests","candidate_ready","retain","1825","Final enrollment decision or graduation/date of last attendance, whichever is later","ASU 6.6/315 add/drop records","Registrar + LMS Owner","Confirm trigger and handling of never-enrolled applicants.","true","","","","","","","","","","",""
"studentGrades","blocked_pending_review","block","","No automatic trigger until EdNotebook's grade record role is designated","ASU 6.6/347 versus 6.6/350","Registrar + Records","Obtain written record-copy designation and grade-export/round-trip evidence.","false","","","","","","","","","","",""
"studentGroupMemberships","candidate_ready","retain","1825","End of academic year or graduation/date of last attendance, whichever the mapped course series requires","ASU class roll / academic progress","Registrar + Records","Classify academic versus optional social group memberships.","true","","","","","","","","","","",""
"studentGroups","candidate_ready","delete","730","End of semester in which the group was used","ASU 6.3/67 course records","Registrar + Records","Confirm groups are course structures and not official student-organization archives.","true","","","","","","","","","","",""
"studentLearningRecords","blocked_pending_review","block","","No automatic trigger until learning-record subtypes are separated","Mixed permanent academic / progress / coursework","Registrar + Records","Split permanent outcomes, five-year progress, one-year coursework, and de-identified research measures.","false","","","","","","","","","","",""
"studentPosts","candidate_ready","delete","365","Later of academic-term end, moderation/grievance closure, or legal-hold release","ASU 6.6/375 student course work","Records/Registrar + Privacy","Confirm platform social posts can be distinguished from assessed course discussions.","true","","","","","","","","","","",""
"studentPublicProfile","blocked_pending_review","block","","No automatic trigger until directory-information and account-status rules are represented","FERPA directory / ASU account schedule","Privacy + Registrar + Institution Technology","Implement directory opt-out, status-aware deletion, and field-level anonymization.","false","","","","","","","","","","",""
"studentRosterEntries","candidate_ready","retain","1825","End of academic year in which roster data is posted to transcripts","ASU 6.3/66 class rolls","Registrar + LMS Owner","Confirm EdNotebook roster is record copy or governed convenience copy.","true","","","","","","","","","","",""
"unlinkedPortalInterestSubmissions","candidate_ready","delete","30","Final response, withdrawal, or thirty days of abandonment","Transitory inquiry","Privacy + Platform Operations","Confirm consent language and suppression-list design.","false","","","","","","","","","","",""
"uploadQuotaReservations","candidate_ready","delete","1","Reservation expiry, consumption, or cancellation","Transitory operational record","Storage Owner + Security","Verify scheduled cleanup and abandoned multipart-upload handling.","false","","","","","","","","","","",""
"userAuthoredProfessorPublisherContent","blocked_pending_review","block","","No automatic trigger until contract, ownership, publication, and archival status are captured","Mixed publication / course record / intellectual property","Library/Publishing + Legal + Records","Approve author agreement, rights/version policy, archival rule, and purchased-access survival.","false","","","","","","","","","","",""
"userEntitlements","blocked_pending_review","block","","No automatic trigger until academic and commercial entitlement types are separated","Mixed class membership / financial entitlement","Registrar + Finance + Library/Publishing","Split academic, free-public, purchase, rental, refund, and perpetual entitlement types.","false","","","","","","","","","","",""
"userFeaturePolicies","candidate_ready","retain","730","Policy superseded or account/institution access terminated","ASU 5.4/012 security access","Security + Institution Technology","Confirm version history and linkage to access-decision audit events.","true","","","","","","","","","","",""
